PROJECT,Dataset,Sample,Group
BrainMet_SeuratV5,GSE131907,NS_02,BrainMet
BrainMet_SeuratV5,GSE131907,NS_03,BrainMet
BrainMet_SeuratV5,GSE131907,NS_04,BrainMet
BrainMet_SeuratV5,GSE131907,NS_06,BrainMet
BrainMet_SeuratV5,GSE131907,NS_07,BrainMet
BrainMet_SeuratV5,GSE131907,NS_12,BrainMet
BrainMet_SeuratV5,GSE131907,NS_13,BrainMet
BrainMet_SeuratV5,GSE131907,NS_16,BrainMet
BrainMet_SeuratV5,GSE131907,NS_17,BrainMet
BrainMet_SeuratV5,GSE131907,NS_19,BrainMet
BrainMet_SeuratV5,GSE143423,lbm,BrainMet
BrainMet_SeuratV5,GSE143423,tnbc,BrainMet
BrainMet_SeuratV5,GSE186344,GSM5645888,BrainMet
BrainMet_SeuratV5,GSE186344,GSM5645889,BrainMet
BrainMet_SeuratV5,GSE186344,GSM5645890,BrainMet
BrainMet_SeuratV5,GSE186344,GSM5645891,BrainMet
BrainMet_SeuratV5,GSE186344,GSM5645892,BrainMet
BrainMet_SeuratV5,GSE186344,GSM5645893,BrainMet
BrainMet_SeuratV5,GSE186344,GSM5645894,BrainMet
BrainMet_SeuratV5,GSE186344,GSM5645895,BrainMet
BrainMet_SeuratV5,GSE186344,GSM5645896,BrainMet
BrainMet_SeuratV5,GSE186344,GSM5645897,BrainMet
BrainMet_SeuratV5,GSE186344,GSM5645898,BrainMet
BrainMet_SeuratV5,GSE186344,GSM5645900,BrainMet
BrainMet_SeuratV5,GSE186344,GSM5645902,BrainMet
BrainMet_SeuratV5,GSE186344,GSM5645904,BrainMet
BrainMet_SeuratV5,GSE186344,GSM5645906,BrainMet
BrainMet_SeuratV5,GSE186344,GSM5645908,BrainMet
BrainMet_SeuratV5,GSE193745,GSE193745,BrainMet
BrainMet_SeuratV5,GSE200218,GSM6022251,BrainMet
BrainMet_SeuratV5,GSE200218,GSM6022252_CD45neg,BrainMet
BrainMet_SeuratV5,GSE200218,GSM6022252_CD45_pos,BrainMet
BrainMet_SeuratV5,GSE200218,GSM6022253_CD45neg,BrainMet
BrainMet_SeuratV5,GSE200218,GSM6022253_CD45pos,BrainMet
BrainMet_SeuratV5,GSE200218,GSM6022254_CD45neg,BrainMet
BrainMet_SeuratV5,GSE200218,GSM6022254_CD45pos,BrainMet
BrainMet_SeuratV5,GSE200218,GSM6022255_CD45neg,BrainMet
BrainMet_SeuratV5,GSE200218,GSM6022255_CD45pos,BrainMet
BrainMet_SeuratV5,GSE234832,GSM7475324,BrainMet
BrainMet_SeuratV5,GSE234832,GSM7475325,BrainMet
BrainMet_SeuratV5,GSE234832,GSM7475326,BrainMet
BrainMet_SeuratV5,GSE234832,GSM7475327,BrainMet
BrainMet_SeuratV5,GSE234832,GSM7475328,BrainMet
BrainMet_SeuratV5,GSE174401,GSE174401,control
BrainMet_SeuratV5,GSE140393,GSM4160577,control
BrainMet_SeuratV5,GSE140393,GSM4160578,control
BrainMet_SeuratV5,GSE140393,GSM4160579,control
BrainMet_SeuratV5,GSE140393,GSM4160580,control
BrainMet_SeuratV5,GSE140393,GSM4160581,control
